{
    "rmse": 0.7959045858367788,
    "mae": 0.6592803522298886,
    "r2": 0.026327475680526846
}